qid,query,docno,position,chatgpt_answer,best_answer
1,what are the most common chronic diseases what effects do chronic diseases have for the society and the individual ,chatgpt1,0,The most common chronic diseases vary depending on the country and population  but some prevalent examples worldwide include:  1. Cardiovascular diseases: These include conditions like hypertension (high blood pressure)  coronary artery disease  and stroke. 2. Diabetes: Both type 1 and type 2 diabetes are chronic diseases characterized by high blood sugar levels. 3. Chronic respiratory diseases: Conditions such as chronic obstructive pulmonary disease (COPD)  asthma  and pulmonary hypertension fall under this category. 4. Cancer: Different types of cancer  such as lung  breast  colorectal  and prostate cancer  are chronic diseases that require long-term management. 5. Mental health disorders: Mental illnesses like depression  anxiety disorders  bipolar disorder  and schizophrenia are chronic conditions that impact mental well-being. 6. Chronic kidney disease: This refers to long-term damage to the kidneys  leading to reduced function and potential kidney failure. 7. Arthritis: Conditions like osteoarthritis and rheumatoid arthritis cause joint inflammation and chronic pain. 8. Neurological disorders: Chronic diseases such as Alzheimer's disease  Parkinson's disease  and multiple sclerosis affect the nervous system and often have long-lasting effects.  The effects of chronic diseases are significant both for individuals and society as a whole:  1. Individual impact: Chronic diseases can have a profound effect on individuals' quality of life. They may experience pain  reduced mobility  fatigue  and limitations in daily activities. Chronic conditions often require ongoing treatment  management  and lifestyle adjustments  which can affect psychological well-being and impose financial burdens due to healthcare costs.  2. Societal impact: Chronic diseases pose numerous challenges for society. They contribute to a significant burden on healthcare systems  consuming a substantial portion of healthcare budgets. These diseases often require long-term care  including medicatio,
8,best apps daily activity exercise diabetes,chatgpt8,0,There are several apps available that can help individuals with diabetes track their daily activity and exercise. Here are some popular ones:  1. MyFitnessPal: This app allows you to track your daily calorie intake and exercise. It has a large database of food items and exercises  and it can help you set goals and monitor your progress.  2. MySugr: Designed specifically for people with diabetes  MySugr helps you track your blood glucose levels  carb intake  and physical activity. It provides personalized insights and helps you manage your diabetes effectively.  3. Glooko: Glooko allows you to sync data from your blood glucose meter  insulin pump  and continuous glucose monitor (CGM). It provides comprehensive reports and helps you identify patterns and trends in your blood sugar levels.  4. Diabetes:M: This app offers features for tracking blood glucose levels  medication  meals  and physical activity. It also provides reminders for medication and appointments and has a built-in community for support.  5. Fitbit: Fitbit is a popular fitness tracker that can be used by individuals with diabetes to monitor their daily activity  heart rate  sleep patterns  and more. It integrates with other apps  such as MyFitnessPal  to provide a comprehensive overview of your health and fitness.  Remember to consult with your healthcare provider or a certified diabetes educator to determine which app is best suited for your specific needs and goals. They can provide personalized recommendations based on your individual circumstances.,
22,my risk for developing type 2 diabetes,chatgpt22,1,As an AI language model  I don't have access to personal medical information or the ability to diagnose conditions. However  I can provide you with general information about the risk factors for developing type 2 diabetes. Keep in mind that this information should not replace professional medical advice  and it's important to consult with a healthcare provider for an accurate assessment of your individual risk.  Several factors can contribute to the risk of developing type 2 diabetes  including:  1. **Family history**: If you have a close family member  such as a parent or sibling  with type 2 diabetes  your risk may be higher.  2. **Weight**: Being overweight or obese is a significant risk factor for type 2 diabetes. Excess body weight  particularly around the abdomen  can make cells more resistant to insulin.  3. **Physical inactivity**: Leading a sedentary lifestyle and not getting enough physical activity can increase your risk of developing type 2 diabetes.  4. **Unhealthy diet**: A diet high in processed foods  sugary beverages  unhealthy fats  and low in fruits  vegetables  and whole grains can contribute to the development of type 2 diabetes.  5. **Age**: The risk of type 2 diabetes increases with age. Although it can develop at any age  it is more common in individuals over the age of 45.  6. **Ethnicity**: Certain ethnic groups  such as African-Americans  Hispanics  Native Americans  and Asians  have a higher risk of developing type 2 diabetes.  7. **High blood pressure and cholesterol**: Having high blood pressure or abnormal cholesterol levels can increase the risk of developing type 2 diabetes.  8. **Gestational diabetes**: If you had gestational diabetes during pregnancy  you have a higher risk of developing type 2 diabetes in the future.  It's important to note that having one or more risk factors does not necessarily mean you will develop type 2 diabetes. Conversely  some individuals without any risk factors may still develop the condition. Lifestyle,"Could you be at risk of developing type 2 diabetes? Medically reviewed by Marina Basina, M.D. — Written by the Healthline Editorial Team — Updated on October 4, 2019 Type 2 diabetes is a chronic condition that affects millions of people worldwide. Take this simple test to find out if you’re at risk. If you are, we’ll help you figure out what steps you can take to potentially delay or prevent diabetes from developing. Last medically reviewed on August 23, 2019 Medically reviewed by Marina Basina, M.D. — Written by the Healthline Editorial Team — Updated on October 4, 2019 More in Get to the Heart of Type 2 Diabetes 6 Tips for Boosting Your Longevity with Type 2 Diabetes Diabetes and Cardiovascular Disease Risk in Women Seven-Day Type 2 Diabetes Meal Plan View all Read this next Understanding the Connection Between Heart Disease and Diabetes Medically reviewed by Angela M. Bell, MD, FACP If you have diabetes, you have a higher risk of developing heart disease. Learn about common risk factors and how to improve your heart health. READ MORE Why Is Heart Disease a Complication of Type 2 Diabetes? Medically reviewed by Marina Basina, M.D. Researchers know that type 2 diabetes increases the risk of developing heart disease. The bigger question is why. Learn more about the specific ways… READ MORE What to Do When You’re Tired of Type 2 Diabetes Corinna Cornejo knows that living with type 2 diabetes can be a roller coaster. Check out her tips for how to cope when you're feeling stuck. READ MORE Swaps to Transform Your Holiday Dishes for a Type 2 Diabetes Diet Medically reviewed by Katherine Marengo LDN, R.D. If you live with type 2 diabetes, making some simple swaps in your holiday recipes may help you manage your blood sugar levels. READ MORE About Us Newsletters Health Topics License Our Content Find an Online Doctor Contact Us Advertising Policy Privacy Policy Terms of Use Do Not Sell My Info Privacy Settings © 2005-2021 Healthline Media a Red Ventures Company. All rights reserved. Our website services, content, and products are for informational purposes only. Healthline Media does not provide medical advice, diagnosis, or treatment. See additional information. © 2005-2021 Healthline Media a Red Ventures Company. All rights reserved. Our website services, content, and products are for informational purposes only. Healthline Media does not provide medical advice, diagnosis, or treatment. See additional information. AboutCareersAdvertise with us OUR BRANDS HealthlineMedical News TodayGreatistPsych Central"
35,is a ketogenic keto diet suitable for people with diabetes ,chatgpt35,0,The ketogenic  or keto  diet is a high-fat  low-carbohydrate diet that has been used primarily for weight loss and managing certain medical conditions  including epilepsy. When it comes to diabetes  the effects of a keto diet can vary depending on the individual and their specific circumstances. Here's some information to consider:  1. Potential Benefits: The keto diet can potentially offer benefits for people with diabetes  such as improved blood sugar control and reduced insulin resistance. By severely limiting carbohydrate intake  the diet can lower blood glucose levels and decrease the need for insulin or other diabetes medications in some individuals.  2. Monitoring and Medications: If you have diabetes and are considering a keto diet  it's crucial to work closely with your healthcare team. Regular monitoring of blood glucose levels is essential to ensure that they remain within a safe range. Medication adjustments may be necessary to prevent low blood sugar (hypoglycemia) or other complications.  3. Nutritional Balance: Following a keto diet requires careful attention to nutritional balance. It's important to ensure you're getting enough essential nutrients  including vitamins  minerals  and fiber. Consuming a wide variety of low-carbohydrate  non-starchy vegetables  along with adequate protein and healthy fats  is crucial to meeting nutritional needs.  4. Individual Variations: People with diabetes can respond differently to the keto diet. Some individuals may experience significant improvements in blood sugar control  while others may not see the same benefits. It's crucial to monitor your individual response to the diet and make adjustments as needed under the guidance of your healthcare provider.  5. Potential Risks: While the keto diet can be suitable for some people with diabetes  it may not be appropriate for everyone. Individuals with certain medical conditions  such as pancreatic disease or liver disorders  may need to avoid or modify the diet. Additi,
45,can diabetes be cured ,chatgpt45,1,As of my knowledge cutoff in September 2021  there is no known cure for diabetes. Diabetes is a chronic condition characterized by high blood sugar levels resulting from the body's inability to produce or effectively use insulin. Type 1 diabetes is an autoimmune disease where the body's immune system attacks and destroys the insulin-producing cells in the pancreas. Type 2 diabetes  on the other hand  is often related to lifestyle factors such as obesity  poor diet  and lack of physical activity.  While there is no cure  diabetes can be managed effectively through various means  depending on the type of diabetes:  1. Type 1 diabetes: People with type 1 diabetes require insulin therapy to regulate their blood sugar levels. They need to monitor their blood sugar levels regularly and make adjustments to their insulin dosage accordingly. Lifestyle factors such as maintaining a healthy diet and engaging in regular physical activity are also important for managing type 1 diabetes.  2. Type 2 diabetes: Type 2 diabetes is often managed through lifestyle changes  including a healthy diet  regular exercise  weight management  and sometimes oral medications or insulin therapy. In some cases  individuals with type 2 diabetes may achieve normal blood sugar levels and reduce their dependence on medications through lifestyle changes alone.  It's worth noting that ongoing research is being conducted to develop new treatments and potentially find a cure for diabetes. While there have been advancements in the field  it is always important to consult with healthcare professionals for the most up-to-date and accurate information regarding diabetes management and treatment options.,"Health News Reversing Diabetes Is Possible… But It’s Rare Written by Cathy Cassata — Updated on August 20, 2018 Researchers in Scotland say people with diabetes can reverse their disease by losing weight, but most aren’t aware that this is possible. Being diagnosed with type 2 diabetes can be difficult, especially since the disease is perceived as incurable. But experts say diabetes can be reversed early on. “If you follow the advice of your doctors and nutritionist and make an effort to lose weight, diabetes can be reversed by normalizing your blood sugar levels without medication early in the course of the disease, that is the first three to five years,” Dr. Sangeeta Kashyap, endocrinologist at Cleveland Clinic, told Healthline. Researchers at the University of Glasgow in Scotland agree and want to promote this message. In a recent study published in The BMJ, Scottish researchers report that patients and doctors may not be aware that type 2 diabetes can be reversed. They said that weight loss of around 33 pounds often produces total remission of the disease, yet remission is often not coded in medical records. They point to a U.S. study that found remissions in less than 1 percent of 120,000 patients who were tracked for seven years. Similarly, a database that includes all patients in Scotland shows less than 1 percent of type 2 diabetes coded as being in remission. The researchers argue that greater awareness, documentation, and surveillance of remissions would improve health outcomes and reduce healthcare costs. Just a honeymoon period? Researchers say that the reasons why remission isn’t coded may be due to medical professionals’ disagreement on criteria and guidance as well as the fact that few patients are trying to gain remission or actually achieving remission. Dr. Ashwin Patel, the chief medical officer of InquisitHealth who also sits on the Community Leadership Board of the American Diabetes Association, agrees. “There’s a ‘fixed’ criteria for the diagnosis of diabetes, so it makes diabetes seem like it’s a very clear, binary diagnosis. In that, either you have it or you don’t,” Patel told Healthline. “Importantly, not only is there ongoing debate on what the right criteria should be, there is a growing realization that diabetes, especially type 2, isn’t binary physiologically. It’s much more of a continuum.” Another reason, Kashyap points out, is that even if blood sugars reach normal levels due to weight loss achieved by dieting, exercising, or surgery, they may not stay normal for a long period of time. “Blood sugars can come back into the diabetes range, and so some people feel like this isn’t reversing diabetes, [but rather] silencing the disease,” said Kashyap. “I call this a ‘honeymoon period,’ meaning the blood sugars normalize, there’s no meds needed, and things look great, but we don’t know how long that will last.” She notes that in up to 60 percent of people who have bariatric surgery, their diabetes comes back within 15 years. “I tell people it’s a nice vacation from their disease and we hope it does slow down developing complications from diabetes, such as heart, eye, kidney, and nerve disease,” said Kashyap. Why does diabetes come back? The reasons aren’t known, but it may be due to weight gain or genetics. “Part of the reason that the pancreases fails to produce insulin over time is genetic. Also, as you age, your pancreatic function declines. That’s why it’s common to see diabetes in people in their 60s and 70s,” Kashyap explained. Worth the psychological boost Whether or not a person stays in remission from diabetes long term, researchers say that noting their remission is still worth it. “When someone works really hard to lose 15 percent of their body weight, they’ve put a lot of work in. If blood sugar is normalized and they’re not on medications, it can be a big psychological boost to put in their chart that they are in remission,” said Kashyap. “It reinforces the message that if you work hard to lose weight you can see results.” Think of someone with breast cancer who undergoes treatment and then goes into remission. When this occurs, remission is almost always documented in their records. “This gives the person hope. They may even forget about cancer for a while,” said Kashyap. When it comes to diabetes, recognizing remission may also give a person a sense of control since weight and diabetes are strongly tied. “Weight is the root cause of people developing diabetes at a young age. More than 82 percent of people with type 2 diabetes are overweight,” said Kashyap. “Now we have a lot of tools to help people to lose weight, such as nutritionists, exercise physiologists, medications, and surgery. You can’t control your age or who your parents are, but you can modify your weight.” From the physician’s perspective, documenting remission is a way to back the importance of lifestyle changes. “Like The BMJ article said, we physicians often push drugs, but give lip service to lifestyle modification. This is a way to not do lip service. By putting it in the chart, we’re recognizing patients’ efforts and keeping them motivated to keep it up,” Kashyap said. If lifestyle changes are implemented successfully during the early stages of being officially diagnosed with diabetes, and if medications are no longer required, Patel says documenting diabetes “remission,” diabetes “being reversed,” or simply that someone’s diabetes is now “diet-controlled” can have impact beyond the patients themselves. “These might seem like semantics, but they have real downstream implications for research, budget/cost analyses, and most importantly, for the individuals having, or not, the potentially stigmatizing label of diabetes,” noted Patel. Written by Cathy Cassata — Updated on August 20, 2018 Read this next How Diabetes Affects Women: Symptoms, Risks, and More Medically reviewed by Suzanne Falck, MD Diabetes in women is much like diabetes in men. But there are unique differences in symptoms for women, like vaginal yeast infections and PCOS. Read… READ MORE Type 1 and Type 2 Diabetes: What’s the Difference? Medically reviewed by Alana Biggers, M.D., MPH Curious about type 1 vs. type 2 diabetes? We'll give you the facts on differences, similarities, causes, risk factors, treatment, and more. READ MORE Metformin and Pregnancy: Is This Drug Safe? Medically reviewed by Lindsay Slowiczek, Pharm.D. Metformin is a prescription drug used to treat type 2 diabetes. It can also be used to treat polycystic ovarian syndrome (PCOS). If you’re pregnant… READ MORE What’s the Connection Between Hypoglycemia and Pregnancy? Medically reviewed by Karen Richardson Gill, MD, FAAP Pregnancy affects your blood sugar and may increase your risk for hypoglycemia. We explain this connection and how to manage and prevent your symptoms. READ MORE The 16 Best Foods to Control Diabetes Written by Franziska Spritzler, RD, CDE and Erin Kelly The foods you eat can have a major impact on diabetes and blood sugar levels. Here are 16 foods to get you on your way to managing diabetes. READ MORE What's Behind the Alarming Increase in Cases of Diabetes Among U.S. Kids? Though the exact causes are unknown, the obesity epidemic is one likely culprit. READ MORE Important Diabetes Tips From Experts (Who Are Also Diabetic) During American Diabetes Month, Healthline helps facilitate some important conversations for those living with diabetes. READ MORE How to Save Money on Prescriptions Medically reviewed by Alex Brewer, PharmD, MBA Whether you live with a chronic condition or need to treat an acute illness, prescription medications can be costly. Find out several different ways… READ MORE 5 Natural Fat Burners That Work Written by Ryan Raman, MS, RD There are several effective supplements that can help you burn body fat. This article lists 5 natural fat burners that are supported by science. READ MORE About Us Newsletters Health Topics License Our Content Find an Online Doctor Contact Us Advertising Policy Privacy Policy Terms of Use Do Not Sell My Info Privacy Settings © 2005-2021 Healthline Media a Red Ventures Company. All rights reserved. Our website services, content, and products are for informational purposes only. Healthline Media does not provide medical advice, diagnosis, or treatment. See additional information. © 2005-2021 Healthline Media a Red Ventures Company. All rights reserved. Our website services, content, and products are for informational purposes only. Healthline Media does not provide medical advice, diagnosis, or treatment. See additional information. AboutCareersAdvertise with us OUR BRANDS HealthlineMedical News TodayGreatistPsychCentral"
51,what is holistic medicine and what does it include ,chatgpt51,0,Holistic medicine  also known as integrative or complementary medicine  is an approach to healthcare that emphasizes treating the whole person rather than just focusing on specific symptoms or diseases. It takes into account the physical  mental  emotional  and spiritual aspects of an individual to promote overall well-being.  Holistic medicine considers the interconnectedness of various factors that contribute to a person's health  including lifestyle  diet  environment  genetics  and social relationships. It recognizes that these factors can influence an individual's health and aims to address imbalances or underlying causes rather than solely treating symptoms.  Holistic medicine incorporates a wide range of therapeutic modalities from both conventional and alternative medicine. Some common practices and treatments found in holistic medicine include:  1. Mind-body medicine: Techniques such as meditation  yoga  hypnotherapy  guided imagery  and biofeedback are used to promote relaxation  stress reduction  and emotional well-being.  2. Nutritional therapy: Emphasis is placed on proper nutrition  dietary counseling  and the use of supplements or herbal remedies to support overall health and address specific conditions.  3. Herbal medicine: Utilizing plant-based remedies and botanical preparations for their medicinal properties. This can include the use of herbal supplements  teas  or tinctures.  4. Acupuncture: An ancient Chinese practice that involves inserting thin needles into specific points on the body to promote balance and restore energy flow.  5. Chiropractic care: Manipulation of the spine and other musculoskeletal techniques to address physical imbalances and promote overall wellness.  6. Homeopathy: A system of medicine that uses highly diluted substances to stimulate the body's self-healing abilities.  7. Energy therapies: Practices like Reiki  therapeutic touch  and Qigong that involve the manipulation or balancing of energy fields to support healing.  ,
52,what are the most common mental health problems how can i prevent or manage the most common mental health problems ,chatgpt52,0,There are several common mental health problems that many individuals experience. While it's important to note that I am an AI language model and not a healthcare professional  I can provide you with some information based on general knowledge up until September 2021. Here are a few common mental health problems and some suggestions for prevention and management:  1. Anxiety Disorders: Anxiety disorders  such as generalized anxiety disorder  panic disorder  and social anxiety disorder  are characterized by excessive worry  fear  and unease. To prevent or manage anxiety  consider the following:    - Engage in regular physical exercise  as it can help reduce anxiety symptoms.    - Practice relaxation techniques  such as deep breathing  meditation  or progressive muscle relaxation.    - Challenge negative thoughts and develop more positive and realistic thinking patterns.    - Seek support from friends  family  or mental health professionals.  2. Depression: Depression is a mood disorder that involves persistent sadness  loss of interest or pleasure  and other symptoms. To prevent or manage depression  consider the following:    - Maintain a healthy lifestyle with regular exercise  a balanced diet  and sufficient sleep.    - Engage in activities you enjoy and find meaningful.    - Build a strong support network of friends  family  or support groups.    - Consider therapy or counseling  which can be beneficial in treating depression.    - Consult a healthcare professional if you experience persistent depressive symptoms.  3. Substance Abuse Disorders: Substance abuse disorders involve the excessive use of drugs or alcohol  leading to significant distress and impairment. To prevent or manage substance abuse disorders:    - Avoid or minimize the use of addictive substances.    - Seek healthy coping mechanisms for stress and emotional difficulties  such as exercise  hobbies  or talking to supportive individuals.    - If you or someone you know struggles with substance abus,
53,what is psychotherapy ,chatgpt53,0,Psychotherapy  also known as talk therapy or psychological therapy  is a form of treatment that focuses on improving a person's mental and emotional well-being. It involves a collaborative process between a trained therapist or psychologist and an individual  couple  family  or group of people.  The goal of psychotherapy is to help individuals understand their thoughts  emotions  and behaviors  and to develop healthier coping mechanisms and strategies. It provides a supportive and non-judgmental environment where people can explore and address their concerns  gain insight into their problems  and work towards positive change.  Psychotherapy can be used to treat a wide range of mental health issues  such as anxiety disorders  depression  trauma-related disorders  addiction  eating disorders  personality disorders  and relationship difficulties. It is often based on various theoretical approaches or modalities  such as cognitive-behavioral therapy (CBT)  psychodynamic therapy  humanistic therapy  and family systems therapy.  Sessions can be conducted on a one-on-one basis  with couples  families  or in group settings. The frequency and duration of therapy vary depending on the individual's needs and the specific approach used. The therapist may employ various techniques  including active listening  empathy  reflection  interpretation  cognitive restructuring  problem-solving  and behavioral interventions to facilitate personal growth and emotional healing.  It's important to note that psychotherapy is not a quick fix  and it may take time and effort to achieve meaningful results. The relationship between the therapist and the client is crucial in establishing trust and creating a safe space for exploration and change.,
54,what does multiple sclerosis diagnosis include what does it change ,chatgpt54,1,A multiple sclerosis (MS) diagnosis typically involves a combination of medical history evaluation  neurological examination  and various diagnostic tests. Here are some common components of the diagnostic process for MS:  1. Medical History: Your healthcare provider will ask you about your symptoms  their duration  and any previous medical conditions or events that may be relevant. They will also inquire about your family history of MS or other autoimmune diseases.  2. Neurological Examination: A thorough neurological examination helps assess various functions of the nervous system. The doctor will evaluate your reflexes  coordination  muscle strength  sensory perception  and eye movements to identify any abnormalities.  3. Magnetic Resonance Imaging (MRI): An MRI scan of the brain and spinal cord is crucial in diagnosing MS. It can reveal the presence of characteristic MS-related lesions or plaques  which are areas of inflammation  demyelination (loss of the protective myelin sheath)  and scarring. MRI scans may be repeated over time to observe changes and patterns.  4. Cerebrospinal Fluid (CSF) Analysis: A lumbar puncture  also known as a spinal tap  involves collecting a small amount of cerebrospinal fluid from the lower back. CSF analysis can help detect certain abnormalities associated with MS  such as the presence of oligoclonal bands-abnormal immune system proteins.  5. Evoked Potential Tests: These tests measure the electrical signals generated by the brain in response to sensory stimulation. Visual evoked potentials (VEP)  auditory evoked potentials (AEP)  and somatosensory evoked potentials (SSEP) may be conducted to evaluate the conduction speed along the nerve pathways.  6. Blood Tests: While there is no specific blood test for diagnosing MS  blood work may be performed to rule out other conditions that mimic MS symptoms and to assess general health  including checking for certain antibodies associated with autoimmune diseases.  The diagnosis of multipl,"Where to Find MS Support Online Medically reviewed by Deborah Weatherspoon, Ph.D., R.N., CRNA — Written by Anna Schaefer — Updated on January 4, 2019 Multiple sclerosis (MS) is a disease that changes your life dramatically. Despite affecting some 2.3 million people around the world, an MS diagnosis can leave you feeling alone. Times like these you might want to turn to people who are there to help you. Online support groups and social communities are a great resource for people living with lifelong illnesses and disease. In the case of MS, an online community can help you understand your condition and your symptoms, and possibly even find ways to live more easily and pain-free. We’ve rounded up some of the best and most active online groups for MS patients: 1. My MS Team If you’re hoping to socialize with other people who understand the struggles and triumphs of MS, My MS Team may be right for you. It’s a social network specifically for those with MS. You can browse for new friends by location, post images and updates, and find medical providers in your area. 2. DailyStrength Multiple Sclerosis (MS) Support Group Have a gripe about your MS or want to know if anyone has experienced a certain symptom? The message boards at DailyStrength Multiple Sclerosis (MS) Support Group are a great resource for finding answers to your questions and having discussions with folks who know where you’re coming from. This platform is simple and easy to jump in on. With no learning curve, you can start connecting with folks right away. 3. MS Connection More than 25,000 people belong to MS Connection, an online community where they share their thoughts, answers, and friendships via discussion boards, groups, and personalized blogs. There are informative videos and articles along with personal statements and status messages. One unique feature of MS Connection is its Peer Connection program, which will pair you with a peer support volunteer. This is a trained volunteer who will lend an ear and support whenever you need it. 4. This is MS Discussion boards may be an older platform for online communication, but they certainly aren’t outdated. The active boards at This Is MS prove it. You’ll find forums to discuss new drugs, symptoms, dietary concerns, pain, and nearly any other MS-related topic you can think of. It’s not uncommon for a single post to reach over 100 responses in this very active and supportive community. 5. My MSAA Community The Multiple Sclerosis Association of America (MSAA) is a nonprofit group aimed at providing free services and support to those with MS. My MSAA Community is their online community, hosted at HealthUnlocked. It’s a great place to connect with other folks around the U.S. who are living with MS. The community is based on message boards, where single posts are open to replies and “likes.” You can ask questions, share experiences, or simply introduce yourself to the warm and supportive members. 6. Kurmudgeons’ Korner “MS is a crappy disease,” says the intro page to the Kurmudgeons’ Korner community. As such, this group is committed to straight talk with no empty cliches. That’s not to say the group doesn’t have a sense of humor or humanity — these are present too — but you’re more likely to find tough love than inspirational memes here. What we like: The forums are private, so unless you’re a member, you can’t access the conversations within. 7. Overcoming Multiple Sclerosis Overcoming Multiple Sclerosis is an Australian-based organization that promotes dietary approaches to MS management. In addition to their work on treating MS with diet and lifestyle, they provide message boards and a supportive community. You’ll find topics like meditation, exercise, diet, and mind-body connection within the pages of the message boards, each with hundreds of posts and responses. 8. Shift MS Shift MS is a social network on a fun, modern interface. According to the creators, they seek to reduce isolation for people with MS, help them manage their condition, and create a community run by members. On the site, you can connect with more than 11,000 members from around the world. Despite the site originating in the U.K., you’ll be able to find others with MS in your area. You’ll also find ways to get involved, volunteering online or within your local MS community. 9. HealingWell MS Forums The HealingWell website is designed to serve people with a variety of diseases and conditions. Buried within the people-rich pages is a section dedicated solely to folks with MS. On the MS boards, you’ll find members from across the U.S. discussing their struggles and successes with MS, including medical questions, news, and personal experiences with new treatment methods. 10. Multiple Sclerosis Foundation Facebook Group On Facebook, you can find dozens of MS support groups. This one, a public group, is hosted by the Multiple Sclerosis Foundation, and has nearly 16,000 members. Members and admins share videos, statuses, and questions within the group. You’ll be uplifted by messages of hope and be able to offer solace to others with MS who are suffering. 11. ActiveMSers As the name suggests, ActiveMSers was created to inspire and motivate people living with MS to stay active — physically and mentally. This online forum offers space for members to discuss everything from treatments to travel hacks with MS, share tips for staying fit, review their favorite MS gear, and connect offline. 12. MSWorld Back in 1996, MSWorld was a small, six-person chat room. In the last two decades, it’s evolved into an expansive resource center offering message boards, wellness information, chat rooms, and social networking both for people living with MS and those caring for a loved one with MS. Living up to its “patients helping patients” mission statement, the platform is run entirely by volunteers, and boasts a membership of over 150,000 people living with MS worldwide. Last medically reviewed on February 22, 2017 Medically reviewed by Deborah Weatherspoon, Ph.D., R.N., CRNA — Written by Anna Schaefer — Updated on January 4, 2019 More in The Insider’s Guide to Multiple Sclerosis 5 Ways to Sleep Better with Multiple Sclerosis Lhermitte’s Sign (and MS): What It Is and How to Treat It 8 Things Your MS Doctor Wants You to Ask About Switching Medications MS ‘Zingers’: What They Are and How to Cope with Them View all Read this next Your FAQs Answered: Does MS Get Worse? Medically reviewed by Sharon Stoll, DO, MS MS can be unpredictable, so it’s understandable to have questions about the disease. Read on for answers to common questions you may have about MS. READ MORE MS and Beauty: Finding a New Look and a New Outlook Medically reviewed by Nancy Hammond, MD Julie Rice felt like she couldn’t maintain her beauty routine when she got her MS diagnosis. This is her story of making adjustments and developing… READ MORE MS Fatigue: What to Know Medically reviewed by Seunggu Han, M.D. Fatigue is a common symptom of multiple sclerosis, along with pain, muscle weakness, and numbness. There are medications and lifestyle changes that… READ MORE MS Treatment Chart: Comparing Disease-Modifying Therapies Medically reviewed by Alan Carter, Pharm.D. Understanding the many different treatment options for MS can be overwhelming, but this comparison chart may be able to help. READ MORE How I Dropped the Junk Food and Got Serious with an MS-Friendly Diet Medically reviewed by Deborah Weatherspoon, Ph.D., R.N., CRNA Yvonne was a big junk food fan when she was diagnosed with multiple sclerosis. This is how she changed her habit. READ MORE At 32, I Found Out I Had MS. Here’s What I Did in the Days That Followed. Like most people with MS, Ray Walker wasn't prepared for his diagnosis. Now, more than a decade later, he helps others with the condition learn from… READ MORE About Us Newsletters Health Topics License Our Content Find an Online Doctor Contact Us Advertising Policy Privacy Policy Terms of Use Do Not Sell My Info Privacy Settings © 2005-2021 Healthline Media a Red Ventures Company. All rights reserved. Our website services, content, and products are for informational purposes only. Healthline Media does not provide medical advice, diagnosis, or treatment. See additional information. © 2005-2021 Healthline Media a Red Ventures Company. All rights reserved. Our website services, content, and products are for informational purposes only. Healthline Media does not provide medical advice, diagnosis, or treatment. See additional information. AboutCareersAdvertise with us OUR BRANDS HealthlineMedical News TodayGreatistPsychCentral"
55,how to manage multiple sclerosis ,chatgpt55,0,I'm not a doctor  but I can provide some general information on managing multiple sclerosis (MS). It's important to consult with a healthcare professional for personalized advice and treatment options. Here are some common approaches to managing MS:  1. Medications: There are several medications available to manage MS  including disease-modifying therapies (DMTs) that help slow down the progression of the disease and manage symptoms. These medications can reduce relapses  inflammation  and the formation of new lesions in the central nervous system.  2. Symptom management: MS can cause a wide range of symptoms  including fatigue  muscle weakness  numbness  pain  and problems with coordination. Working with your healthcare team  you can develop strategies to manage these symptoms. Physical therapy  occupational therapy  and speech therapy can help improve mobility  coordination  and speech difficulties. Medications can also be prescribed to alleviate specific symptoms.  3. Healthy lifestyle: Maintaining a healthy lifestyle is important for managing MS. Regular exercise  such as walking  swimming  or yoga  can help improve strength  flexibility  and overall well-being. A balanced diet rich in fruits  vegetables  whole grains  and lean proteins is recommended. It's also important to get enough rest  manage stress  and avoid smoking  as smoking can worsen MS symptoms.  4. Supportive care: Living with MS can be challenging  both physically and emotionally. It's essential to have a support network of family  friends  and healthcare professionals who understand the condition and can provide support. Support groups  counseling  and educational resources can also be valuable in managing the emotional aspects of MS.  5. Regular check-ups: Regular visits to your healthcare provider are crucial for monitoring the progression of MS  adjusting treatments  and addressing any new symptoms or concerns. These visits can help ensure that your management plan remains effective and that ,
